{
    "pNumber": 234,
    "condition": "HitAndRun",
    "timeStampList": [
        "16:46:0:781",
        "16:46:1:794",
        "16:46:2:802",
        "16:46:3:790",
        "16:46:4:789",
        "16:46:5:811",
        "16:46:6:794",
        "16:46:7:799",
        "16:46:8:798",
        "16:46:9:809",
        "16:46:10:781",
        "16:46:11:788",
        "16:46:12:786",
        "16:46:13:797",
        "16:46:14:797",
        "16:46:15:796",
        "16:46:16:795",
        "16:46:17:783",
        "16:46:18:784",
        "16:46:19:781",
        "16:46:20:809",
        "16:46:21:782",
        "16:46:22:783",
        "16:46:23:782",
        "16:46:24:784",
        "16:46:25:780",
        "16:46:26:801",
        "16:46:27:800",
        "16:46:28:802",
        "16:46:29:780",
        "16:46:30:813",
        "16:46:31:787",
        "16:46:32:811",
        "16:46:33:781",
        "16:46:34:809",
        "16:46:35:786",
        "16:46:36:797",
        "16:46:37:786",
        "16:46:38:785",
        "16:46:39:785",
        "16:46:40:788"
    ],
    "headDataList": [
        {
            "headPosition": {
                "x": 0.6237446069717407,
                "y": 0.5191987752914429,
                "z": -1.2297300100326539
            },
            "direction": {
                "x": -0.8804802894592285,
                "y": 0.30601993203163149,
                "z": 0.3620859980583191
            }
        },
        {
            "headPosition": {
                "x": 0.8494769930839539,
                "y": 0.6016891598701477,
                "z": -1.376467227935791
            },
            "direction": {
                "x": -0.2804873287677765,
                "y": -0.16796177625656129,
                "z": -0.9450481534004211
            }
        },
        {
            "headPosition": {
                "x": 0.8752046823501587,
                "y": 0.5730475783348084,
                "z": -1.4387297630310059
            },
            "direction": {
                "x": 0.16924485564231873,
                "y": -0.35935622453689577,
                "z": -0.9177250266075134
            }
        },
        {
            "headPosition": {
                "x": 0.8736765384674072,
                "y": 0.5364177227020264,
                "z": -1.4017221927642823
            },
            "direction": {
                "x": -0.1788245141506195,
                "y": -0.38371920585632326,
                "z": -0.90597003698349
            }
        },
        {
            "headPosition": {
                "x": 0.8835086822509766,
                "y": 0.5286366939544678,
                "z": -1.396834373474121
            },
            "direction": {
                "x": -0.2496977150440216,
                "y": -0.3765724003314972,
                "z": -0.8921010494232178
            }
        },
        {
            "headPosition": {
                "x": 1.5872678756713868,
                "y": 0.591887354850769,
                "z": -2.211552143096924
            },
            "direction": {
                "x": -0.7197574973106384,
                "y": -0.48428085446357729,
                "z": -0.49741464853286745
            }
        },
        {
            "headPosition": {
                "x": 1.5758581161499024,
                "y": 0.6050260066986084,
                "z": -2.36698317527771
            },
            "direction": {
                "x": -0.3318141996860504,
                "y": -0.19967657327651978,
                "z": -0.9219700694084168
            }
        },
        {
            "headPosition": {
                "x": 2.8804144859313967,
                "y": 0.5713047981262207,
                "z": -3.34355092048645
            },
            "direction": {
                "x": -0.2820168435573578,
                "y": -0.25806668400764468,
                "z": -0.9240498542785645
            }
        },
        {
            "headPosition": {
                "x": 2.870962142944336,
                "y": 0.5780620574951172,
                "z": -3.2385640144348146
            },
            "direction": {
                "x": -0.7693425416946411,
                "y": -0.29928529262542727,
                "z": -0.5643940567970276
            }
        },
        {
            "headPosition": {
                "x": 2.895744800567627,
                "y": 0.575989842414856,
                "z": -3.317824363708496
            },
            "direction": {
                "x": -0.48337194323539736,
                "y": -0.22539305686950684,
                "z": -0.845901608467102
            }
        },
        {
            "headPosition": {
                "x": 2.8089771270751955,
                "y": 0.571932315826416,
                "z": -3.2381420135498049
            },
            "direction": {
                "x": -0.8808455467224121,
                "y": -0.14730262756347657,
                "z": -0.4499036371707916
            }
        },
        {
            "headPosition": {
                "x": 2.8257761001586916,
                "y": 0.5953933596611023,
                "z": -3.200615882873535
            },
            "direction": {
                "x": -0.7462252378463745,
                "y": -0.4217904210090637,
                "z": -0.5150155425071716
            }
        },
        {
            "headPosition": {
                "x": 2.8615365028381349,
                "y": 0.5842694044113159,
                "z": -3.216979503631592
            },
            "direction": {
                "x": -0.7194610238075256,
                "y": -0.4766014814376831,
                "z": -0.5052000284194946
            }
        },
        {
            "headPosition": {
                "x": 2.8632612228393556,
                "y": 0.6202161312103272,
                "z": -3.3350231647491457
            },
            "direction": {
                "x": -0.6692877411842346,
                "y": -0.14054608345031739,
                "z": -0.729589581489563
            }
        },
        {
            "headPosition": {
                "x": 2.8766932487487795,
                "y": 0.5673402547836304,
                "z": -3.315988779067993
            },
            "direction": {
                "x": -0.41490229964256289,
                "y": -0.22298042476177216,
                "z": -0.8821200132369995
            }
        },
        {
            "headPosition": {
                "x": 4.389503479003906,
                "y": 0.5861760377883911,
                "z": -5.792349338531494
            },
            "direction": {
                "x": -0.8393012881278992,
                "y": -0.07551731914281845,
                "z": -0.5383963584899902
            }
        },
        {
            "headPosition": {
                "x": 4.357030391693115,
                "y": 0.6055730581283569,
                "z": -5.7751898765563969
            },
            "direction": {
                "x": -0.9969561696052551,
                "y": 0.07788114249706269,
                "z": -0.003614526940509677
            }
        },
        {
            "headPosition": {
                "x": 4.398476600646973,
                "y": 0.6146376132965088,
                "z": -5.759282112121582
            },
            "direction": {
                "x": -0.45005327463150027,
                "y": -0.10952216386795044,
                "z": 0.8862600922584534
            }
        },
        {
            "headPosition": {
                "x": 4.412520408630371,
                "y": 0.5984412431716919,
                "z": -5.787349224090576
            },
            "direction": {
                "x": -0.9714147448539734,
                "y": -0.14254294335842133,
                "z": 0.1898290067911148
            }
        },
        {
            "headPosition": {
                "x": 4.770290851593018,
                "y": 0.5916039943695068,
                "z": -8.013696670532227
            },