{
    "pNumber": 1,
    "condition": "HitAndRun",
    "timeStampList": [
        "10:49:36:576",
        "10:49:37:566"
    ],
    "headDataList": [
        {
            "headPosition": {
                "x": 0.709385871887207,
                "y": 0.4798697531223297,
                "z": -1.2753851413726807
            },
            "direction": {
                "x": -0.9105787873268127,
                "y": 0.4132809340953827,
                "z": -0.0067119598388671879
            }
        },
        {
            "headPosition": {
                "x": 0.709430456161499,
                "y": 0.4799381494522095,
                "z": -1.275446891784668
            },
            "direction": {
                "x": -0.9104013442993164,
                "y": 0.41367200016975405,
                "z": -0.0067047905176877979
            }
        }
    ],
    "evidenceList": []
}