{
    "pNumber": 0,
    "condition": "HitAndRun",
    "timeStampList": [
        "20:26:43:841",
        "20:26:44:831",
        "20:26:45:829",
        "20:26:46:830",
        "20:26:47:838",
        "20:26:48:840",
        "20:26:49:828",
        "20:26:50:830",
        "20:26:51:833",
        "20:26:52:830",
        "20:26:53:825",
        "20:26:54:825",
        "20:26:55:825",
        "20:26:56:827",
        "20:26:57:822",
        "20:26:58:822",
        "20:26:59:822",
        "20:27:0:821",
        "20:27:1:823",
        "20:27:2:821",
        "20:27:3:824",
        "20:27:4:829",
        "20:27:5:818",
        "20:27:6:820",
        "20:27:7:830",
        "20:27:8:829",
        "20:27:9:839",
        "20:27:10:829",
        "20:27:11:828",
        "20:27:12:838",
        "20:27:13:836",
        "20:27:14:836",
        "20:27:15:818",
        "20:27:16:853",
        "20:27:17:835",
        "20:27:18:835",
        "20:27:19:839",
        "20:27:20:834",
        "20:27:21:823",
        "20:27:22:824",
        "20:27:23:823",
        "20:27:24:822",
        "20:27:25:825"
    ],
    "headDataList": [
        {
            "headPosition": {
                "x": 0.9133511781692505,
                "y": 0.7715228796005249,
                "z": -1.3597540855407715
            },
            "direction": {
                "x": -0.5553392171859741,
                "y": -0.36393964290618899,
                "z": -0.747761070728302
            }
        },
        {
            "headPosition": {
                "x": 0.9676096439361572,
                "y": 0.7190285921096802,
                "z": -1.3780415058135987
            },
            "direction": {
                "x": -0.31527554988861086,
                "y": -0.5088114738464356,
                "z": -0.8010695576667786
            }
        },
        {
            "headPosition": {
                "x": 1.0132322311401368,
                "y": 0.6919022798538208,
                "z": -1.433673620223999
            },
            "direction": {
                "x": 0.023906931281089784,
                "y": -0.5556913018226624,
                "z": -0.8310449123382568
            }
        },
        {
            "headPosition": {
                "x": 0.9944700002670288,
                "y": 0.6954771280288696,
                "z": -1.4533331394195557
            },
            "direction": {
                "x": -0.084820955991745,
                "y": -0.48250192403793337,
                "z": -0.8717783093452454
            }
        },
        {
            "headPosition": {
                "x": 0.975521445274353,
                "y": 0.7195743322372437,
                "z": -1.470679521560669
            },
            "direction": {
                "x": -0.18811514973640443,
                "y": -0.38637515902519228,
                "z": -0.9029547572135925
            }
        },
        {
            "headPosition": {
                "x": 0.8990772366523743,
                "y": 0.7207586765289307,
                "z": -1.3954702615737916
            },
            "direction": {
                "x": -0.6737357378005981,
                "y": -0.3343198299407959,
                "z": -0.6590226292610169
            }
        },
        {
            "headPosition": {
                "x": 0.8696492314338684,
                "y": 0.6920648813247681,
                "z": -1.2690315246582032
            },
            "direction": {
                "x": -0.929955780506134,
                "y": -0.3444574475288391,
                "z": -0.1285742074251175
            }
        },
        {
            "headPosition": {
                "x": 0.9178717136383057,
                "y": 0.7173503041267395,
                "z": -1.431511640548706
            },
            "direction": {
                "x": -0.40307921171188357,
                "y": -0.392513632774353,
                "z": -0.8267166018486023
            }
        },
        {
            "headPosition": {
                "x": 0.9603656530380249,
                "y": 0.7417227029800415,
                "z": -1.4939663410186768
            },
            "direction": {
                "x": -0.08049735426902771,
                "y": -0.3604934811592102,
                "z": -0.9292817115783691
            }
        },
        {
            "headPosition": {
                "x": 1.024990439414978,
                "y": 0.7498793601989746,
                "z": -1.5395147800445557
            },
            "direction": {
                "x": 0.24049365520477296,
                "y": -0.359281063079834,
                "z": -0.9017095565795898
            }
        },
        {
            "headPosition": {
                "x": 2.262784242630005,
                "y": 0.7339019179344177,
                "z": -2.9086873531341554
            },
            "direction": {
                "x": -0.02472369745373726,
                "y": -0.39090675115585329,
                "z": -0.9200982451438904
            }
        },
        {
            "headPosition": {
                "x": 2.257232666015625,
                "y": 0.7300901412963867,
                "z": -2.9083056449890138
            },
            "direction": {
                "x": -0.04105434566736221,
                "y": -0.3953281342983246,
                "z": -0.9176221489906311
            }
        },
        {
            "headPosition": {
                "x": 2.283428907394409,
                "y": 0.7232968211174011,
                "z": -4.463027000427246
            },
            "direction": {
                "x": -0.061500828713178638,
                "y": -0.4059678316116333,
                "z": -0.9118157625198364
            }
        },
        {
            "headPosition": {
                "x": 2.286043882369995,
                "y": 0.7221525311470032,
                "z": -4.460873603820801
            },
            "direction": {
                "x": -0.053786084055900577,
                "y": -0.41254615783691409,
                "z": -0.9093474745750427
            }
        },
        {
            "headPosition": {
                "x": 2.732429027557373,
                "y": 0.7116066217422485,
                "z": -6.028670310974121
            },
            "direction": {
                "x": -0.1130349338054657,
                "y": -0.4130496084690094,
                "z": -0.9036664962768555
            }
        },
        {
            "headPosition": {
                "x": 3.136852741241455,
                "y": 0.6963873505592346,
                "z": -7.805919647216797
            },
            "direction": {
                "x": -0.19904053211212159,
                "y": -0.4417212903499603,
                "z": -0.8747943043708801
            }
        },
        {
            "headPosition": {
                "x": 3.083754777908325,
                "y": 0.7428494691848755,
                "z": -7.821154594421387
            },
            "direction": {
                "x": -0.5422462821006775,
                "y": -0.2280980497598648,
                "z": -0.8086658120155335
            }
        },
        {
            "headPosition": {
                "x": 3.038374900817871,
                "y": 0.72476726770401,
                "z": -7.699984073638916
            },
            "direction": {
                "x": -0.7090843319892883,
                "y": -0.2614612579345703,
                "z": 0.6548567414283752
            }
        },
        {
            "headPosition": {
                "x": 3.0503461360931398,
                "y": 0.7322582006454468,
                "z": -7.655457019805908
            },
            "direction": {
                "x": -0.576681911945343,
                "y": -0.30561181902885439,
                "z": 0.7576538920402527
            }
        },
        {
            "headPosition": {
                "x": -1.9280169010162354,
                "y": 0.7390468120574951,